{
	"credit": "Made with Blockbench",
	"texture_size": [64, 64],
	"textures": {
		"0": "items/rocket",
		"particle": "items/rocket"
	},
	"elements": [
		{
			"from": [5.144, 0, 5.144],
			"to": [10.856, 0.952, 10.856],
			"rotation": {"angle": 0, "axis": "y", "origin": [4.192, 0, 4.192]},
			"faces": {
				"north": {"uv": [8.25, 9.25, 9.28125, 9.40625], "texture": "#0"},
				"east": {"uv": [9.25, 8.25, 10.28125, 8.40625], "texture": "#0"},
				"south": {"uv": [9.25, 8.25, 10.28125, 8.40625], "texture": "#0"},
				"west": {"uv": [9.25, 8.75, 10.28125, 8.90625], "texture": "#0"},
				"up": {"uv": [8.03125, 5.03125, 7, 4], "texture": "#0"},
				"down": {"uv": [8.53125, 5.25, 7.5, 6.28125], "texture": "#0"}
			}
		},
		{
			"from": [5.144, 3.332, 5.144],
			"to": [10.856, 3.808, 10.856],
			"rotation": {"angle": 0, "axis": "y", "origin": [4.192, 0, 4.192]},
			"faces": {
				"north": {"uv": [9.5, 3.5, 10.53125, 3.59375], "texture": "#0"},
				"east": {"uv": [9.5, 3.75, 10.53125, 3.84375], "texture": "#0"},
				"south": {"uv": [4.25, 9.5, 5.28125, 9.59375], "texture": "#0"},
				"west": {"uv": [5.5, 9.5, 6.53125, 9.59375], "texture": "#0"},
				"up": {"uv": [7.03125, 8.53125, 6, 7.5], "texture": "#0"},
				"down": {"uv": [8.53125, 6.5, 7.5, 7.53125], "texture": "#0"}
			}
		},
		{
			"from": [4.094, 3.682, 4.094],
			"to": [11.906, 4.158, 11.836],
			"rotation": {"angle": 0, "axis": "y", "origin": [4.192, 0, 4.192]},
			"faces": {
				"north": {"uv": [9.5, 3.5, 10.53125, 3.59375], "texture": "#0"},
				"east": {"uv": [9.5, 3.75, 10.53125, 3.84375], "texture": "#0"},
				"south": {"uv": [4.25, 9.5, 5.28125, 9.59375], "texture": "#0"},
				"west": {"uv": [5.5, 9.5, 6.53125, 9.59375], "texture": "#0"},
				"up": {"uv": [7.03125, 8.53125, 6, 7.5], "texture": "#0"},
				"down": {"uv": [8.53125, 6.5, 7.5, 7.53125], "texture": "#0"}
			}
		},
		{
			"from": [4.094, 11.382, 5.284],
			"to": [5.816, 11.858, 10.296],
			"rotation": {"angle": -22.5, "axis": "z", "origin": [6.6, 11.34, 7.965]},
			"faces": {
				"north": {"uv": [9.5, 3.5, 10.53125, 3.59375], "texture": "#0"},
				"east": {"uv": [9.5, 3.75, 10.53125, 3.84375], "texture": "#0"},
				"south": {"uv": [4.25, 9.5, 5.28125, 9.59375], "texture": "#0"},
				"west": {"uv": [5.5, 9.5, 6.53125, 9.59375], "texture": "#0"},
				"up": {"uv": [7.03125, 8.53125, 6, 7.5], "texture": "#0"},
				"down": {"uv": [8.53125, 6.5, 7.5, 7.53125], "texture": "#0"}
			}
		},
		{
			"from": [5.48137, 10.8702, 4.969],
			"to": [10.49337, 11.3462, 6.691],
			"rotation": {"angle": 22.5, "axis": "x", "origin": [5.18737, 12.2282, 7.79]},
			"faces": {
				"north": {"uv": [5.5, 9.5, 6.53125, 9.59375], "texture": "#0"},
				"east": {"uv": [9.5, 3.5, 10.53125, 3.59375], "texture": "#0"},
				"south": {"uv": [9.5, 3.75, 10.53125, 3.84375], "texture": "#0"},
				"west": {"uv": [4.25, 9.5, 5.28125, 9.59375], "texture": "#0"},
				"up": {"uv": [7.03125, 8.53125, 6, 7.5], "rotation": 90, "texture": "#0"},
				"down": {"uv": [8.53125, 6.5, 7.5, 7.53125], "rotation": 270, "texture": "#0"}
			}
		},
		{
			"from": [5.48137, 10.8702, 9.309],
			"to": [10.49337, 11.3462, 11.031],
			"rotation": {"angle": -22.5, "axis": "x", "origin": [5.18737, 12.2282, 8.21]},
			"faces": {
				"north": {"uv": [10.53125, 3.75, 9.5, 3.84375], "texture": "#0"},
				"east": {"uv": [10.53125, 3.5, 9.5, 3.59375], "texture": "#0"},
				"south": {"uv": [6.53125, 9.5, 5.5, 9.59375], "texture": "#0"},
				"west": {"uv": [5.28125, 9.5, 4.25, 9.59375], "texture": "#0"},
				"up": {"uv": [6, 8.53125, 7.03125, 7.5], "rotation": 90, "texture": "#0"},
				"down": {"uv": [7.5, 6.5, 8.53125, 7.53125], "rotation": 270, "texture": "#0"}
			}
		},
		{
			"from": [10.044, 10.402, 5.284],
			"to": [11.766, 10.878, 10.296],
			"rotation": {"angle": 22.5, "axis": "z", "origin": [6.6, 11.34, 7.965]},
			"faces": {
				"north": {"uv": [9.5, 3.5, 10.53125, 3.59375], "texture": "#0"},
				"east": {"uv": [9.5, 3.75, 10.53125, 3.84375], "texture": "#0"},
				"south": {"uv": [4.25, 9.5, 5.28125, 9.59375], "texture": "#0"},
				"west": {"uv": [5.5, 9.5, 6.53125, 9.59375], "texture": "#0"},
				"up": {"uv": [7.03125, 8.53125, 6, 7.5], "texture": "#0"},
				"down": {"uv": [8.53125, 6.5, 7.5, 7.53125], "texture": "#0"}
			}
		},
		{
			"from": [4.094, 21.742, 4.094],
			"to": [11.906, 22.218, 11.836],
			"rotation": {"angle": 0, "axis": "y", "origin": [4.192, 0, 4.192]},
			"faces": {
				"north": {"uv": [9.5, 3.5, 10.53125, 3.59375], "texture": "#0"},
				"east": {"uv": [9.5, 3.75, 10.53125, 3.84375], "texture": "#0"},
				"south": {"uv": [4.25, 9.5, 5.28125, 9.59375], "texture": "#0"},
				"west": {"uv": [5.5, 9.5, 6.53125, 9.59375], "texture": "#0"},
				"up": {"uv": [7.03125, 8.53125, 6, 7.5], "texture": "#0"},
				"down": {"uv": [8.53125, 6.5, 7.5, 7.53125], "texture": "#0"}
			}
		},
		{
			"from": [4.192, 3.808, 4.332],
			"to": [11.808, 22.232, 4.332],
			"rotation": {"angle": 0, "axis": "y", "origin": [4.192, 0, 4.192]},
			"faces": {
				"north": {"uv": [0, 6, 1.375, 9.28125], "texture": "#0"},
				"east": {"uv": [0, 6, 1.375, 9.28125], "texture": "#0"},
				"south": {"uv": [1.46875, 6.0625, 2.78125, 9.09375], "texture": "#0"},
				"west": {"uv": [4.5, 6, 5.875, 9.28125], "texture": "#0"},
				"up": {"uv": [7.375, 7.375, 6, 6], "texture": "#0"},
				"down": {"uv": [8.375, 0, 7, 1.375], "texture": "#0"}
			}
		},
		{
			"from": [11.78, 3.808, 4.164],
			"to": [11.78, 22.232, 11.78],
			"rotation": {"angle": 0, "axis": "y", "origin": [8, 13.02, 4.192]},
			"faces": {
				"north": {"uv": [4.5, 6, 5.875, 9.28125], "texture": "#0"},
				"east": {"uv": [0, 6, 1.375, 9.28125], "texture": "#0"},
				"south": {"uv": [0, 6, 1.375, 9.28125], "texture": "#0"},
				"west": {"uv": [1.5, 6.03125, 2.8125, 9.3125], "texture": "#0"},
				"up": {"uv": [7.375, 7.375, 6, 6], "rotation": 90, "texture": "#0"},
				"down": {"uv": [8.375, 0, 7, 1.375], "rotation": 270, "texture": "#0"}
			}
		},
		{
			"from": [4.22, 3.808, 4.164],
			"to": [4.22, 22.232, 11.78],
			"rotation": {"angle": 0, "axis": "y", "origin": [8, 13.02, 4.192]},
			"faces": {
				"north": {"uv": [4.5, 6, 5.875, 9.28125], "texture": "#0"},
				"east": {"uv": [1.46875, 6.03125, 2.78125, 9.21875], "texture": "#0"},
				"south": {"uv": [0, 6, 1.375, 9.28125], "texture": "#0"},
				"west": {"uv": [0, 6, 1.3125, 9.28125], "texture": "#0"},
				"up": {"uv": [7.375, 7.375, 6, 6], "rotation": 90, "texture": "#0"},
				"down": {"uv": [8.375, 0, 7, 1.375], "rotation": 270, "texture": "#0"}
			}
		},
		{
			"from": [4.192, 3.808, 11.822],
			"to": [11.808, 22.232, 11.822],
			"rotation": {"angle": 0, "axis": "y", "origin": [8, 13.02, 10.842]},
			"faces": {
				"north": {"uv": [1.5, 6, 2.8125, 9.125], "texture": "#0"},
				"east": {"uv": [4.5, 6, 5.875, 9.28125], "texture": "#0"},
				"south": {"uv": [0, 6, 1.375, 9.28125], "texture": "#0"},
				"west": {"uv": [0, 6, 1.375, 9.28125], "texture": "#0"},
				"up": {"uv": [7.375, 7.375, 6, 6], "rotation": 180, "texture": "#0"},
				"down": {"uv": [8.375, 0, 7, 1.375], "rotation": 180, "texture": "#0"}
			}
		},
		{
			"from": [-2.808, -0.042, 8.042],
			"to": [6.208, 18.522, 8.042],
			"rotation": {"angle": 0, "axis": "y", "origin": [4.192, 0, 4.192]},
			"faces": {
				"north": {"uv": [3.375, 0, 1.75, 2.78125], "texture": "#0"},
				"east": {"uv": [0, 0, 0, 2.78125], "texture": "#0"},
				"south": {"uv": [1.75, 0, 3.375, 2.78125], "texture": "#0"},
				"west": {"uv": [0, 0, 0, 2.78125], "texture": "#0"},
				"up": {"uv": [1.625, 0, 0, 0], "texture": "#0"},
				"down": {"uv": [1.625, 0, 0, 0], "texture": "#0"}
			}
		},
		{
			"from": [9.792, -0.042, 8.042],
			"to": [18.808, 18.522, 8.042],
			"rotation": {"angle": 0, "axis": "y", "origin": [11.808, 0, 4.192]},
			"faces": {
				"north": {"uv": [1.75, 0, 3.375, 2.78125], "texture": "#0"},
				"east": {"uv": [0, 0, 0, 2.78125], "texture": "#0"},
				"south": {"uv": [3.375, 0, 1.75, 2.78125], "texture": "#0"},
				"west": {"uv": [0, 0, 0, 2.78125], "texture": "#0"},
				"up": {"uv": [0, 0, 1.625, 0], "texture": "#0"},
				"down": {"uv": [0, 0, 1.625, 0], "texture": "#0"}
			}
		},
		{
			"from": [7.958, -0.322, -2.024],
			"to": [7.958, 15.302, 6.992],
			"rotation": {"angle": 0, "axis": "y", "origin": [11.808, 0, 4.192]},
			"faces": {
				"north": {"uv": [0, 0, 0, 2.78125], "texture": "#0"},
				"east": {"uv": [1.71875, 3.0625, 3.0625, 5.84375], "texture": "#0"},
				"south": {"uv": [0, 0, 0, 2.78125], "texture": "#0"},
				"west": {"uv": [3.0625, 3.0625, 1.6875, 5.84375], "texture": "#0"},
				"up": {"uv": [0, 1.625, 0, 0], "texture": "#0"},
				"down": {"uv": [0, 0, 0, 1.625], "texture": "#0"}
			}
		},
		{
			"from": [7.958, -0.322, 9.008],
			"to": [7.958, 15.302, 18.024],
			"rotation": {"angle": 0, "axis": "y", "origin": [11.808, 0, 11.808]},
			"faces": {
				"north": {"uv": [0, 0, 0, 2.78125], "texture": "#0"},
				"east": {"uv": [3.0625, 3.0625, 1.71875, 5.84375], "texture": "#0"},
				"south": {"uv": [0, 0, 0, 2.78125], "texture": "#0"},
				"west": {"uv": [1.6875, 3.0625, 3.0625, 5.84375], "texture": "#0"},
				"up": {"uv": [0, 0, 0, 1.625], "texture": "#0"},
				"down": {"uv": [0, 1.625, 0, 0], "texture": "#0"}
			}
		},
		{
			"from": [5.62, 2.856, 5.62],
			"to": [10.38, 3.332, 10.38],
			"rotation": {"angle": 0, "axis": "y", "origin": [4.192, 0, 4.192]},
			"faces": {
				"north": {"uv": [9.5, 6.5, 10.34375, 6.59375], "texture": "#0"},
				"east": {"uv": [6.75, 9.5, 7.59375, 9.59375], "texture": "#0"},
				"south": {"uv": [9.5, 7, 10.34375, 7.09375], "texture": "#0"},
				"west": {"uv": [9.5, 7, 10.34375, 7.09375], "texture": "#0"},
				"up": {"uv": [9.09375, 8.59375, 8.25, 7.75], "texture": "#0"},
				"down": {"uv": [9.34375, 0, 8.5, 0.84375], "texture": "#0"}
			}
		},
		{
			"from": [5.62, 0.952, 5.62],
			"to": [10.38, 1.904, 10.38],
			"rotation": {"angle": 0, "axis": "y", "origin": [4.192, 0, 4.192]},
			"faces": {
				"north": {"uv": [9.25, 9, 10.09375, 9.15625], "texture": "#0"},
				"east": {"uv": [0, 9.5, 0.84375, 9.65625], "texture": "#0"},
				"south": {"uv": [9.5, 0.25, 10.34375, 0.40625], "texture": "#0"},
				"west": {"uv": [9.5, 0.25, 10.34375, 0.40625], "texture": "#0"},
				"up": {"uv": [9.09375, 3.34375, 8.25, 2.5], "texture": "#0"},
				"down": {"uv": [9.09375, 3.5, 8.25, 4.34375], "texture": "#0"}
			}
		},
		{
			"from": [6.096, 1.904, 6.096],
			"to": [9.904, 2.856, 9.904],
			"rotation": {"angle": 0, "axis": "y", "origin": [4.192, 0, 4.192]},
			"faces": {
				"north": {"uv": [2.75, 9.5, 3.4375, 9.65625], "texture": "#0"},
				"east": {"uv": [9.5, 3, 10.1875, 3.15625], "texture": "#0"},
				"south": {"uv": [9.5, 3, 10.1875, 3.15625], "texture": "#0"},
				"west": {"uv": [3.5, 9.5, 4.1875, 9.65625], "texture": "#0"},
				"up": {"uv": [6.6875, 9.4375, 6, 8.75], "texture": "#0"},
				"down": {"uv": [9.4375, 6.5, 8.75, 7.1875], "texture": "#0"}
			}
		},
		{
			"from": [4.794, 22.05, 4.794],
			"to": [11.206, 23.352, 11.206],
			"rotation": {"angle": 0, "axis": "y", "origin": [4.192, 0, 4.192]},
			"faces": {
				"north": {"uv": [8.5, 1, 9.65625, 1.21875], "texture": "#0"},
				"east": {"uv": [8.5, 1, 9.65625, 1.21875], "texture": "#0"},
				"south": {"uv": [8.5, 1, 9.65625, 1.21875], "texture": "#0"},
				"west": {"uv": [8.5, 1, 9.65625, 1.21875], "texture": "#0"},
				"up": {"uv": [8.15625, 2.65625, 7, 1.5], "texture": "#0"},
				"down": {"uv": [8.15625, 2.75, 7, 3.90625], "texture": "#0"}
			}
		},
		{
			"from": [5.27, 23.002, 5.27],
			"to": [10.73, 24.304, 10.73],
			"rotation": {"angle": 0, "axis": "y", "origin": [4.192, 0, 4.192]},
			"faces": {
				"north": {"uv": [8.25, 8.75, 9.21875, 8.96875], "texture": "#0"},
				"east": {"uv": [8.25, 8.75, 9.21875, 8.96875], "texture": "#0"},
				"south": {"uv": [8.25, 8.75, 9.21875, 8.96875], "texture": "#0"},
				"west": {"uv": [8.25, 8.75, 9.21875, 8.96875], "texture": "#0"},
				"up": {"uv": [8.21875, 8.71875, 7.25, 7.75], "texture": "#0"},
				"down": {"uv": [9.21875, 1.5, 8.25, 2.46875], "texture": "#0"}
			}
		},
		{
			"from": [5.746, 23.954, 5.746],
			"to": [10.254, 25.256, 10.254],
			"rotation": {"angle": 0, "axis": "y", "origin": [4.192, 0, 4.192]},
			"faces": {
				"north": {"uv": [9.25, 4, 10.0625, 4.21875], "texture": "#0"},
				"east": {"uv": [9.25, 4, 10.0625, 4.21875], "texture": "#0"},
				"south": {"uv": [9.25, 4, 10.0625, 4.21875], "texture": "#0"},
				"west": {"uv": [9.25, 4, 10.0625, 4.21875], "texture": "#0"},
				"up": {"uv": [9.5625, 5.3125, 8.75, 4.5], "texture": "#0"},
				"down": {"uv": [9.5625, 5.5, 8.75, 6.3125], "texture": "#0"}
			}
		},
		{
			"from": [6.446, 25.284, 6.446],
			"to": [9.554, 26.586, 9.554],
			"rotation": {"angle": 0, "axis": "y", "origin": [4.192, 0, 4.192]},
			"faces": {
				"north": {"uv": [9.5, 0.5, 10.0625, 0.71875], "texture": "#0"},
				"east": {"uv": [9.5, 0.5, 10.0625, 0.71875], "texture": "#0"},
				"south": {"uv": [9.5, 0.5, 10.0625, 0.71875], "texture": "#0"},
				"west": {"uv": [9.5, 0.5, 10.0625, 0.71875], "texture": "#0"},
				"up": {"uv": [9.4375, 5.3125, 8.84375, 5.125], "texture": "#0"},
				"down": {"uv": [8.0625, 8.75, 7.5, 9.3125], "texture": "#0"}
			}
		},
		{
			"from": [7.496, 26.334, 7.776],
			"to": [8.504, 31.836, 8.434],
			"rotation": {"angle": 0, "axis": "y", "origin": [4.192, 0, 4.192]},
			"faces": {
				"north": {"uv": [9.25, 2, 9.4375, 2.96875], "texture": "#0"},
				"east": {"uv": [9.5, 2, 9.625, 2.96875], "texture": "#0"},
				"south": {"uv": [9.25, 2, 9.4375, 2.96875], "texture": "#0"},
				"west": {"uv": [2.5, 9.5, 2.625, 10.46875], "texture": "#0"},
				"up": {"uv": [7.1875, 5.375, 7, 5.25], "texture": "#0"},
				"down": {"uv": [7.1875, 5.5, 7, 5.625], "texture": "#0"}
			}
		}
	],
	"display": {
		"head": {
			"translation": [0, -6, 0],
			"scale": [4, 4, 4]
		}
	}
}